Time,gENROE.delta,gENROE.PELEC,eXAC1_1.EFD,gENROE.SPEED,GEN1.V,LOAD.V,GEN2.V,FAULT.V
0.0,0.6004578381341846,0.4000000252477881,1.4314197089012368,0.0,0.9999999913060578,0.9919935378249138,0.999999995492736,0.9959841726474757
1.0000000020124892e-10,0.6004578381341846,0.4000000252477881,1.4314197089012368,-2.9495071433459944e-19,0.9999999913060578,0.9919935378249138,0.999999995492736,0.9959841726474757
1.0000000020124892e-10,0.6004578381341846,0.4000000252477881,1.4314197089012368,-2.9495071433459944e-19,0.9999999913060578,0.9919935378249138,0.999999995492736,0.9959841726474757
0.006,0.6004578381175116,0.4000000252244992,1.4314197089019465,-1.768801373336251e-11,0.9999999913066925,0.9919935378254442,0.9999999954930507,0.9959841726478923
0.012,0.6004578380675547,0.40000002515587296,1.4314197089039462,-3.533239644787711e-11,0.999999991308583,0.9919935378270187,0.999999995493986,0.9959841726491296
0.018,0.6004578379845646,0.40000002504421045,1.4314197089059324,-5.2885593216830095e-11,0.9999999913116975,0.9919935378296036,0.9999999954955231,0.9959841726511622
0.024,0.600457837868561,0.4000000248896748,1.4314197089077998,-7.034425671666149e-11,0.9999999913160345,0.9919935378331971,0.9999999954976612,0.9959841726539888
0.03,0.6004578377207425,0.4000000246974281,1.4314197089043452,-8.760489002474611e-11,0.9999999913214936,0.9919935378377053,0.9999999955003461,0.9959841726575364
0.036,0.6004578375408895,0.4000000244665213,1.4314197088965217,-1.0468653013988216e-10,0.9999999913280937,0.9919935378431459,0.9999999955035882,0.9959841726618188
0.042,0.6004578373289186,0.400000024196592,1.431419708884693,-1.2159643072429536e-10,0.999999991335841,0.9919935378495249,0.9999999955073908,0.9959841726668409
0.048,0.6004578370848296,0.4000000238876405,1.431419708868859,-1.3833459177798567e-10,0.9999999913447364,0.9919935378568429,0.9999999955117542,0.9959841726726029
0.054,0.6004578368148601,0.4000000235542808,1.43141970883741,-1.5464813382267494e-10,0.9999999913543762,0.9919935378647639,0.999999995516479,0.995984172678841
0.06,0.6004578365170886,0.4000000231920104,1.4314197087939218,-1.706149502527666e-10,0.9999999913648847,0.9919935378733912,0.9999999955216264,0.9959841726856359
0.066,0.600457836190343,0.4000000227980833,1.4314197087405771,-1.862825724153978e-10,0.9999999913763375,0.991993537882788,0.9999999955272341,0.9959841726930379
0.072,0.6004578358346231,0.40000002237249943,1.4314197086773757,-2.0165100031056858e-10,0.9999999913887351,0.9919935378929544,0.999999995533302,0.9959841727010467
0.078,0.6004578354499289,0.4000000219152586,1.431419708604317,-2.1672023393827896e-10,0.9999999914020768,0.9919935379038902,0.99999999553983,0.9959841727096621
0.084,0.6004578350362605,0.40000002142636104,1.431419708521402,-2.3149027329852893e-10,0.9999999914163631,0.9919935379155956,0.9999999955468183,0.9959841727188844
0.09,0.6004578345936178,0.40000002090580644,1.43141970842863,-2.459611183913185e-10,0.999999991431594,0.9919935379280708,0.9999999955542669,0.9959841727287135
0.096,0.6004578341220007,0.40000002035359467,1.4314197083260012,-2.6013276921664765e-10,0.9999999914477693,0.9919935379413152,0.9999999955621757,0.9959841727391495
0.102,0.6004578336469069,0.4000000198076453,1.4314197082120883,-2.7360955905937834e-10,0.999999991463591,0.991993537954308,0.999999995569927,0.9959841727493826
0.108,0.6004578331662518,0.4000000192648585,1.4314197080870084,-2.8642383267907136e-10,0.999999991479165,0.9919935379671325,0.9999999955775717,0.995984172759479
0.114,0.6004578326660048,0.400000018704368,1.4314197079515467,-2.9879331666523326e-10,0.9999999914952062,0.9919935379803508,0.9999999955854494,0.9959841727698843
0.12,0.6004578321461659,0.4000000181261735,1.4314197078057032,-3.1071801101786406e-10,0.9999999915117138,0.9919935379939627,0.9999999955935599,0.9959841727805983
0.126,0.6004578316067352,0.4000000175302758,1.4314197076494775,-3.221979157369638e-10,0.9999999915286882,0.9919935380079686,0.9999999956019036,0.9959841727916212
0.132,0.6004578310477126,0.4000000169166742,1.4314197074828698,-3.3323303082253243e-10,0.9999999915461298,0.9919935380223682,0.9999999956104803,0.9959841728029531
0.138,0.6004578304690981,0.40000001628536913,1.4314197073058803,-3.4382335627457005e-10,0.999999991564038,0.9919935380371614,0.9999999956192899,0.9959841728145938
0.144,0.6004578298708917,0.4000000156363602,1.431419707118509,-3.539688920930764e-10,0.9999999915824129,0.9919935380523485,0.9999999956283323,0.9959841728265432
0.15,0.6004578292530934,0.4000000149696479,1.4314197069207557,-3.6366963827805186e-10,0.9999999916012546,0.9919935380679291,0.999999995637608,0.9959841728388016
0.156,0.6004578286157033,0.4000000142852317,1.4314197067126206,-3.729255948294962e-10,0.9999999916205634,0.9919935380839037,0.9999999956471166,0.9959841728513689
0.162,0.6004578279587213,0.40000001358311205,1.4314197064941034,-3.817367617474094e-10,0.9999999916403389,0.9919935381002718,0.9999999956568582,0.9959841728642449
0.168,0.6004578272821474,0.4000000128632887,1.4314197062652048,-3.901031390317915e-10,0.999999991660581,0.9919935381170338,0.9999999956668327,0.9959841728774299
0.174,0.6004578265859816,0.40000001212576186,1.4314197060259237,-3.980247266826425e-10,0.9999999916812903,0.9919935381341896,0.9999999956770403,0.9959841728909238
0.18,0.600457825870224,0.4000000113705314,1.4314197057762608,-4.0550152469996253e-10,0.999999991702466,0.9919935381517391,0.9999999956874809,0.9959841729047265
0.186,0.6004578251348744,0.40000001059759693,1.431419705516216,-4.125335330837514e-10,0.9999999917241085,0.9919935381696822,0.9999999956981543,0.995984172918838
0.192,0.6004578243799331,0.4000000098069592,1.4314197052457893,-4.191207518340092e-10,0.9999999917462179,0.991993538188019,0.999999995709061,0.9959841729332584
0.198,0.6004578236606454,0.4000000090823069,1.4314197049905804,-4.229134300998435e-10,0.9999999917656296,0.9919935382043172,0.9999999957187187,0.9959841729460518
0.204,0.6004578231157038,0.4000000086263546,1.4314197048156596,-4.188005378252045e-10,0.9999999917748023,0.9919935382127585,0.9999999957235876,0.9959841729525909
0.21,0.6004578225707623,0.40000000817040304,1.4314197046407386,-4.146876455505655e-10,0.9999999917839754,0.9919935382211997,0.9999999957284564,0.9959841729591301
0.216,0.6004578220258207,0.40000000771445116,1.431419704465818,-4.105747532759265e-10,0.9999999917931481,0.9919935382296411,0.9999999957333253,0.9959841729656692
0.222,0.6004578214808791,0.4000000072584994,1.431419704290897,-4.064618610012874e-10,0.9999999918023211,0.9919935382380825,0.9999999957381943,0.9959841729722086
0.228,0.6004578209359376,0.4000000068025475,1.4314197041159762,-4.0234896872664843e-10,0.999999991811494,0.9919935382465237,0.9999999957430631,0.9959841729787478
0.234,0.6004578203909959,0.4000000063465956,1.4314197039410552,-3.9823607645200943e-10,0.9999999918206668,0.9919935382549651,0.9999999957479321,0.995984172985287
0.24,0.6004578198460544,0.40000000589064366,1.4314197037661345,-3.9412318417737043e-10,0.9999999918298397,0.9919935382634063,0.9999999957528009,0.9959841729918263
0.246,0.6004578193011129,0.4000000054346919,1.4314197035912135,-3.900102919027314e-10,0.9999999918390126,0.9919935382718477,0.9999999957576698,0.9959841729983655
0.252,0.6004578187561712,0.4000000049787399,1.4314197034162928,-3.858973996280924e-10,0.9999999918481854,0.991993538280289,0.9999999957625388,0.9959841730049047
0.258,0.6004578182112297,0.40000000452278794,1.431419703241372,-3.8178450735345334e-10,0.9999999918573583,0.9919935382887303,0.9999999957674076,0.9959841730114438
0.264,0.6004578176662881,0.4000000040668364,1.4314197030664513,-3.7767161507881435e-10,0.9999999918665312,0.9919935382971716,0.9999999957722765,0.995984173017983
0.27,0.6004578171213465,0.4000000036108846,1.4314197028915303,-3.735587228041753e-10,0.9999999918757042,0.991993538305613,0.9999999957771455,0.9959841730245222
0.276,0.600457816576405,0.40000000315493267,1.4314197027166096,-3.6944583052953625e-10,0.9999999918848771,0.9919935383140543,0.9999999957820145,0.9959841730310616
0.282,0.6004578160314634,0.4000000026989808,1.4314197025416886,-3.6533293825489725e-10,0.9999999918940498,0.9919935383224956,0.9999999957868833,0.9959841730376007
0.288,0.6004578154865218,0.40000000224302895,1.4314197023667679,-3.6122004598025826e-10,0.9999999919032229,0.991993538330937,0.9999999957917522,0.99598417304414
0.294,0.6004578149415802,0.40000000178707706,1.431419702191847,-3.5710715370561926e-10,0.9999999919123957,0.9919935383393782,0.9999999957966211,0.9959841730506792
0.3,0.6004578143966386,0.4000000013311251,1.4314197020169261,-3.529942614309802e-10,0.9999999919215686,0.9919935383478194,0.99999999580149,0.9959841730572183
0.306,0.600457813851697,0.40000000087517323,1.4314197018420054,-3.4888136915634117e-10,0.9999999919307414,0.9919935383562607,0.9999999958063588,0.9959841730637575
0.312,0.6004578133067555,0.4000000004192216,1.4314197016670847,-3.4476847688170217e-10,0.9999999919399143,0.9919935383647022,0.9999999958112278,0.9959841730702969
0.318,0.6004578127618139,0.3999999999632695,1.4314197014921637,-3.4065558460706317e-10,0.9999999919490872,0.9919935383731434,0.9999999958160967,0.9959841730768361
0.324,0.6004578122168723,0.39999999950731796,1.431419701317243,-3.365426923324241e-10,0.9999999919582601,0.9919935383815847,0.9999999958209655,0.9959841730833752
0.33,0.6004578116719308,0.3999999990513659,1.4314197011423222,-3.324298000577851e-10,0.999999991967433,0.9919935383900261,0.9999999958258345,0.9959841730899145
0.336,0.6004578111269891,0.39999999859541396,1.4314197009674012,-3.283169077831461e-10,0.9999999919766058,0.9919935383984673,0.9999999958307033,0.9959841730964535
0.342,0.6004578105820476,0.39999999813946224,1.4314197007924805,-3.2420401550850703e-10,0.9999999919857787,0.9919935384069086,0.9999999958355723,0.9959841731029929
0.348,0.6004578100371061,0.3999999976835104,1.4314197006175595,-3.200911232338681e-10,0.9999999919949516,0.99199353841535,0.9999999958404411,0.995984173109532
0.354,0.6004578094921644,0.3999999972275585,1.4314197004426388,-3.1597823095922904e-10,0.9999999920041246,0.9919935384237912,0.9999999958453101,0.9959841731160713
0.36,0.6004578089472229,0.3999999967716067,1.4314197002677178,-3.1186533868459004e-10,0.9999999920132973,0.9919935384322325,0.999999995850179,0.9959841731226104
0.366,0.6004578084022814,0.3999999963156551,1.4314197000927973,-3.07752446409951e-10,0.9999999920224704,0.9919935384406738,0.999999995855048,0.9959841731291497
0.372,0.6004578078573397,0.399999995859703,1.431419699917876,-3.0363955413531195e-10,0.9999999920316432,0.9919935384491153,0.9999999958599168,0.995984173135689
0.378,0.6004578073123982,0.3999999954037512,1.4314196997429556,-2.9952666186067295e-10,0.9999999920408159,0.9919935384575564,0.9999999958647857,0.9959841731422282
0.384,0.6004578067674566,0.3999999949477995,1.4314196995680346,-2.954137695860339e-10,0.9999999920499889,0.9919935384659978,0.9999999958696546,0.9959841731487674
0.39,0.600457806222515,0.3999999944918474,1.4314196993931139,-2.913008773113949e-10,0.9999999920591618,0.9919935384744392,0.9999999958745235,0.9959841731553065
0.396,0.600457805891245,0.39999999425120164,1.4314196992831847,-2.8737080445435153e-10,0.999999992063151,0.9919935384783862,0.9999999958767548,0.9959841731583347
0.402,0.6004578058058112,0.39999999425827265,1.431419699248031,-2.83651071308143e-10,0.9999999920611765,0.9919935384771627,0.9999999958759516,0.9959841731573231
0.408,0.6004578057203773,0.3999999942653434,1.4314196992128772,-2.7993133816193453e-10,0.9999999920592021,0.991993538475939,0.9999999958751484,0.9959841731563117
0.414,0.6004578056349436,0.3999999942724143,1.4314196991777233,-2.7621160501572603e-10,0.9999999920572277,0.9919935384747155,0.9999999958743453,0.9959841731553002
0.42,0.6004578055495097,0.39999999427948507,1.4314196991425696,-2.7249187186951753e-10,0.9999999920552531,0.9919935384734919,0.999999995873542,0.9959841731542888
0.426,0.6004578054640759,0.3999999942865561,1.4314196991074157,-2.68772138723309e-10,0.9999999920532787,0.9919935384722685,0.9999999958727389,0.9959841731532774
0.432,0.600457805378642,0.3999999942936269,1.431419699072262,-2.650524055771005e-10,0.9999999920513041,0.9919935384710447,0.9999999958719357,0.9959841731522657
0.438,0.6004578052932081,0.3999999943006976,1.431419699037108,-2.61332672430892e-10,0.9999999920493297,0.9919935384698212,0.9999999958711325,0.9959841731512544
0.444,0.6004578052077744,0.3999999943077685,1.4314196990019543,-2.576129392846835e-10,0.9999999920473551,0.9919935384685975,0.9999999958703293,0.9959841731502429
0.45,0.6004578051223405,0.3999999943148394,1.4314196989668007,-2.53893206138475e-10,0.9999999920453808,0.991993538467374,0.9999999958695261,0.9959841731492314
0.456,0.6004578050369067,0.39999999432191036,1.4314196989316468,-2.5017347299226644e-10,0.9999999920434062,0.9919935384661505,0.9999999958687229,0.99598417314822
0.462,0.6004578049514728,0.3999999943289812,1.431419698896493,-2.4645373984605794e-10,0.9999999920414316,0.9919935384649269,0.9999999958679198,0.9959841731472084
0.468,0.6004578048660391,0.39999999433605227,1.431419698861339,-2.4273400669984944e-10,0.9999999920394573,0.9919935384637034,0.9999999958671166,0.995984173146197
0.474,0.6004578047806052,0.39999999434312294,1.4314196988261851,-2.39014273553641e-10,0.9999999920374828,0.9919935384624798,0.9999999958663135,0.9959841731451856
0.48,0.6004578046951713,0.39999999435019373,1.4314196987910315,-2.352945404074325e-10,0.9999999920355083,0.9919935384612562,0.9999999958655102,0.995984173144174
0.486,0.6004578046097375,0.3999999943572649,1.4314196987558774,-2.3157480726122397e-10,0.9999999920335338,0.9919935384600327,0.9999999958647071,0.9959841731431626
0.492,0.6004578045243036,0.3999999943643356,1.431419698720724,-2.2785507411501547e-10,0.9999999920315594,0.9919935384588091,0.999999995863904,0.9959841731421512
0.498,0.6004578044388699,0.3999999943714065,1.43141969868557,-2.2413534096880695e-10,0.9999999920295848,0.9919935384575854,0.9999999958631006,0.9959841731411395
0.504,0.600457804353436,0.3999999943784772,1.431419698650416,-2.2041560782259845e-10,0.9999999920276103,0.991993538456362,0.9999999958622975,0.9959841731401281
0.51,0.6004578042680022,0.39999999438554795,1.4314196986152623,-2.1669587467638995e-10,0.9999999920256357,0.9919935384551383,0.9999999958614944,0.9959841731391167
0.516,0.6004578041825683,0.399999994392619,1.4314196985801084,-2.1297614153018143e-10,0.9999999920236612,0.9919935384539147,0.9999999958606911,0.9959841731381052
0.522,0.6004578040971345,0.39999999439969014,1.4314196985449548,-2.0925640838397293e-10,0.9999999920216869,0.9919935384526912,0.999999995859888,0.9959841731370938
0.528,0.6004578040117007,0.3999999944067606,1.4314196985098009,-2.055366752377644e-10,0.9999999920197125,0.9919935384514676,0.9999999958590848,0.9959841731360823
0.534,0.6004578039262668,0.39999999441383155,1.4314196984746472,-2.018169420915559e-10,0.9999999920177379,0.9919935384502442,0.9999999958582816,0.9959841731350708
0.54,0.600457803840833,0.39999999442090267,1.4314196984394933,-1.980972089453474e-10,0.9999999920157634,0.9919935384490206,0.9999999958574785,0.9959841731340594
0.546,0.6004578037553991,0.3999999944279734,1.4314196984043395,-1.9437747579913888e-10,0.9999999920137889,0.991993538447797,0.9999999958566752,0.9959841731330479
0.552,0.6004578036699654,0.39999999443504436,1.4314196983691856,-1.9065774265293038e-10,0.9999999920118143,0.9919935384465733,0.9999999958558721,0.9959841731320365
0.558,0.6004578035845315,0.39999999444211504,1.4314196983340317,-1.8693800950672186e-10,0.9999999920098399,0.9919935384453498,0.9999999958550688,0.9959841731310249
0.564,0.6004578034990976,0.3999999944491859,1.431419698298878,-1.832182763605134e-10,0.9999999920078654,0.9919935384441263,0.9999999958542657,0.9959841731300134
0.57,0.6004578034136638,0.39999999445625684,1.4314196982637242,-1.794985432143049e-10,0.9999999920058908,0.9919935384429026,0.9999999958534624,0.9959841731290019
0.576,0.60045780332823,0.3999999944633279,1.4314196982285703,-1.7577881006809644e-10,0.9999999920039165,0.991993538441679,0.9999999958526593,0.9959841731279906
0.582,0.6004578032427962,0.39999999447039863,1.4314196981934166,-1.7205907692188791e-10,0.9999999920019419,0.9919935384404555,0.9999999958518561,0.995984173126979
0.588,0.6004578031573623,0.39999999447746937,1.4314196981582628,-1.6833934377567942e-10,0.9999999919999675,0.991993538439232,0.9999999958510529,0.9959841731259677
0.594,0.6004578030719285,0.3999999944845403,1.431419698123109,-1.646196106294709e-10,0.9999999919979929,0.9919935384380085,0.9999999958502498,0.9959841731249562
0.6,0.6004578029864946,0.3999999944916113,1.431419698087955,-1.6089987748326237e-10,0.9999999919960184,0.9919935384367847,0.9999999958494465,0.9959841731239447
0.606,0.6004578029010608,0.3999999944986821,1.4314196980528011,-1.5718014433705387e-10,0.999999991994044,0.9919935384355614,0.9999999958486434,0.9959841731229332
0.612,0.600457802815627,0.3999999945057529,1.4314196980176477,-1.5346041119084537e-10,0.9999999919920695,0.9919935384343376,0.9999999958478402,0.9959841731219216
0.618,0.6004578027301931,0.39999999451282353,1.4314196979824936,-1.4974067804463687e-10,0.9999999919900949,0.9919935384331142,0.999999995847037,0.9959841731209103
0.624,0.6004578026447593,0.399999994519895,1.4314196979473397,-1.4602094489842837e-10,0.9999999919881206,0.9919935384318905,0.9999999958462338,0.9959841731198987
0.63,0.6004578025593255,0.39999999452696555,1.431419697912186,-1.4230121175221985e-10,0.9999999919861459,0.991993538430667,0.9999999958454306,0.9959841731188873
0.636,0.6004578024738917,0.3999999945340365,1.4314196978770322,-1.3858147860601132e-10,0.9999999919841717,0.9919935384294434,0.9999999958446274,0.9959841731178758
0.642,0.6004578023884578,0.39999999454110735,1.4314196978418785,-1.3486174545980282e-10,0.9999999919821971,0.9919935384282198,0.9999999958438244,0.9959841731168644
0.648,0.6004578023030239,0.39999999454817803,1.4314196978067244,-1.3114201231359433e-10,0.9999999919802226,0.9919935384269962,0.999999995843021,0.9959841731158527
0.654,0.6004578022175902,0.399999994555249,1.4314196977715707,-1.2742227916738583e-10,0.999999991978248,0.9919935384257726,0.9999999958422179,0.9959841731148413
0.66,0.6004578021321563,0.39999999456232005,1.4314196977364169,-1.237025460211773e-10,0.9999999919762736,0.9919935384245491,0.9999999958414147,0.9959841731138299
0.666,0.6004578020467225,0.3999999945693908,1.431419697701263,-1.199828128749688e-10,0.9999999919742991,0.9919935384233255,0.9999999958406115,0.9959841731128184
0.672,0.6004578019612886,0.3999999945764616,1.4314196976661093,-1.162630797287603e-10,0.9999999919723247,0.991993538422102,0.9999999958398084,0.995984173111807
0.678,0.6004578018758548,0.39999999458353247,1.4314196976309554,-1.125433465825518e-10,0.9999999919703502,0.9919935384208785,0.9999999958390052,0.9959841731107956
0.684,0.600457801790421,0.3999999945906036,1.4314196975958018,-1.0882361343634328e-10,0.9999999919683757,0.9919935384196548,0.9999999958382019,0.995984173109784
0.69,0.6004578017049871,0.39999999459767416,1.431419697560648,-1.0510388029013485e-10,0.999999991966401,0.9919935384184312,0.9999999958373987,0.9959841731087724
0.696,0.6004578016195533,0.39999999460474506,1.4314196975254938,-1.0138414714392634e-10,0.9999999919644267,0.9919935384172078,0.9999999958365956,0.9959841731077611
0.702,0.6004578015341194,0.3999999946118159,1.4314196974903401,-9.766441399771783e-11,0.9999999919624522,0.991993538415984,0.9999999958357924,0.9959841731067496
0.708,0.6004578014486857,0.399999994618887,1.4314196974551865,-9.394468085150931e-11,0.9999999919604775,0.9919935384147606,0.9999999958349893,0.9959841731057383
0.714,0.6004578013632518,0.3999999946259577,1.4314196974200326,-9.022494770530082e-11,0.9999999919585032,0.991993538413537,0.9999999958341861,0.9959841731047266
0.72,0.600457801277818,0.399999994633029,1.4314196973848787,-8.65052145590923e-11,0.9999999919565288,0.9919935384123136,0.999999995833383,0.9959841731037153
0.726,0.6004578011923841,0.3999999946400996,1.4314196973497249,-8.278548141288379e-11,0.9999999919545541,0.9919935384110898,0.9999999958325797,0.9959841731027038
0.732,0.6004578011069502,0.3999999946471703,1.4314196973145712,-7.906574826667529e-11,0.9999999919525796,0.9919935384098664,0.9999999958317766,0.9959841731016923
0.738,0.6004578010215165,0.3999999946542413,1.4314196972794173,-7.534601512046678e-11,0.9999999919506052,0.9919935384086426,0.9999999958309733,0.9959841731006808
0.744,0.6004578009360826,0.39999999466131214,1.4314196972442634,-7.162628197425827e-11,0.9999999919486309,0.9919935384074192,0.9999999958301703,0.9959841730996695
0.75,0.6004578008506488,0.39999999466838315,1.4314196972091098,-6.790654882804977e-11,0.9999999919466562,0.9919935384061955,0.9999999958293669,0.9959841730986578
0.756,0.6004578007652149,0.39999999467545394,1.4314196971739561,-6.418681568184126e-11,0.9999999919446818,0.9919935384049721,0.9999999958285638,0.9959841730976464
0.762,0.6004578006797812,0.39999999468252484,1.431419697138802,-6.046708253563275e-11,0.9999999919427073,0.9919935384037484,0.9999999958277606,0.9959841730966349
0.768,0.6004578005943473,0.39999999468959546,1.4314196971036481,-5.674734938942424e-11,0.9999999919407327,0.9919935384025248,0.9999999958269573,0.9959841730956235
0.774,0.6004578005089134,0.39999999469666647,1.4314196970684945,-5.302761624321574e-11,0.9999999919387583,0.9919935384013012,0.9999999958261542,0.995984173094612
0.78,0.6004578004234796,0.3999999947037373,1.4314196970333408,-4.9307883097007227e-11,0.9999999919367838,0.9919935384000779,0.999999995825351,0.9959841730936005
0.786,0.6004578003380457,0.39999999471080816,1.431419696998187,-4.558814995079872e-11,0.9999999919348095,0.9919935383988541,0.9999999958245479,0.995984173092589
0.792,0.6004578003370739,0.3999999947450658,1.4314196969455817,-4.498219565584017e-11,0.9999999919337426,0.9919935383979948,0.9999999958240321,0.9959841730919101
0.798,0.6004578003425568,0.3999999947814009,1.4314196968916428,-4.461420802649755e-11,0.9999999919327451,0.9919935383971631,0.9999999958235382,0.9959841730912566
0.804,0.6004578003480397,0.39999999481773607,1.4314196968377044,-4.4246220397154936e-11,0.9999999919317476,0.9919935383963315,0.9999999958230444,0.9959841730906033
0.81,0.6004578003535228,0.3999999948540714,1.4314196967837658,-4.3878232767812324e-11,0.9999999919307502,0.9919935383955001,0.9999999958225506,0.9959841730899498
0.816,0.6004578003590058,0.39999999489040666,1.4314196967298272,-4.351024513846972e-11,0.9999999919297529,0.9919935383946685,0.9999999958220568,0.9959841730892964
0.822,0.6004578003644888,0.39999999492674176,1.4314196966758888,-4.3142257509127105e-11,0.9999999919287554,0.991993538393837,0.9999999958215631,0.9959841730886431
0.828,0.6004578003699718,0.3999999949630771,1.43141969662195,-4.2774269879784485e-11,0.999999991927758,0.9919935383930053,0.9999999958210691,0.9959841730879894
0.834,0.6004578003754547,0.39999999499941236,1.431419696568011,-4.240628225044187e-11,0.9999999919267608,0.9919935383921739,0.9999999958205754,0.9959841730873361
0.84,0.6004578003809378,0.39999999503574757,1.4314196965140724,-4.203829462109926e-11,0.9999999919257634,0.9919935383913422,0.9999999958200815,0.9959841730866825
0.846,0.6004578003864207,0.3999999950720828,1.4314196964601338,-4.167030699175664e-11,0.999999991924766,0.9919935383905106,0.9999999958195878,0.9959841730860292
0.852,0.6004578003919037,0.39999999510841794,1.4314196964061952,-4.130231936241403e-11,0.9999999919237684,0.991993538389679,0.9999999958190939,0.9959841730853758
0.858,0.6004578003973867,0.3999999951447534,1.4314196963522563,-4.0934331733071415e-11,0.9999999919227713,0.9919935383888475,0.9999999958186002,0.9959841730847224
0.864,0.6004578004028697,0.3999999951810885,1.431419696298318,-4.05663441037288e-11,0.9999999919217737,0.991993538388016,0.9999999958181063,0.995984173084069
0.87,0.6004578004083527,0.3999999952174236,1.4314196962443793,-4.019835647438618e-11,0.9999999919207764,0.9919935383871843,0.9999999958176126,0.9959841730834156
0.876,0.6004578004138357,0.39999999525375884,1.4314196961904404,-3.983036884504358e-11,0.9999999919197787,0.9919935383863527,0.9999999958171186,0.995984173082762
0.882,0.6004578004193186,0.39999999529009395,1.4314196961365018,-3.946238121570096e-11,0.9999999919187816,0.9919935383855212,0.9999999958166248,0.9959841730821085
0.888,0.6004578004248017,0.39999999532642916,1.4314196960825634,-3.9094393586358345e-11,0.999999991917784,0.9919935383846897,0.9999999958161311,0.9959841730814551
0.894,0.6004578004302846,0.3999999953627646,1.4314196960286245,-3.872640595701573e-11,0.9999999919167868,0.9919935383838581,0.9999999958156373,0.9959841730808017
0.9,0.6004578004357677,0.39999999539909986,1.4314196959746857,-3.835841832767311e-11,0.9999999919157893,0.9919935383830265,0.9999999958151434,0.9959841730801483
0.906,0.6004578004412506,0.3999999954354351,1.4314196959207472,-3.79904306983305e-11,0.9999999919147919,0.991993538382195,0.9999999958146496,0.9959841730794948
0.912,0.6004578004467336,0.3999999954717701,1.4314196958668084,-3.762244306898788e-11,0.9999999919137944,0.9919935383813633,0.9999999958141558,0.9959841730788414
0.918,0.6004578004522166,0.3999999955081055,1.4314196958128698,-3.7254455439645275e-11,0.9999999919127972,0.9919935383805318,0.9999999958136621,0.995984173078188
0.924,0.6004578004576996,0.39999999554444077,1.4314196957589311,-3.6886467810302655e-11,0.9999999919117996,0.9919935383797002,0.9999999958131682,0.9959841730775344
0.93,0.6004578004631825,0.399999995580776,1.4314196957049925,-3.651848018096004e-11,0.9999999919108022,0.9919935383788687,0.9999999958126744,0.995984173076881
0.936,0.6004578004686656,0.3999999956171112,1.4314196956510539,-3.615049255161743e-11,0.999999991909805,0.991993538378037,0.9999999958121807,0.9959841730762277
0.942,0.6004578004741485,0.39999999565344635,1.431419695597115,-3.578250492227482e-11,0.9999999919088075,0.9919935383772055,0.9999999958116867,0.9959841730755742
0.948,0.6004578004796316,0.3999999956897814,1.4314196955431766,-3.541451729293221e-11,0.9999999919078101,0.9919935383763738,0.9999999958111929,0.9959841730749207
0.954,0.6004578004851145,0.3999999957261167,1.4314196954892378,-3.504652966358959e-11,0.9999999919068128,0.9919935383755424,0.9999999958106991,0.9959841730742672
0.96,0.6004578004905975,0.3999999957624521,1.4314196954352991,-3.467854203424698e-11,0.9999999919058155,0.9919935383747108,0.9999999958102053,0.9959841730736139
0.966,0.6004578004960806,0.3999999957987873,1.4314196953813605,-3.431055440490436e-11,0.9999999919048178,0.9919935383738793,0.9999999958097116,0.9959841730729605
0.972,0.6004578005015635,0.3999999958351223,1.4314196953274219,-3.394256677556175e-11,0.9999999919038206,0.9919935383730476,0.9999999958092176,0.995984173072307
0.978,0.6004578005070466,0.39999999587145774,1.4314196952734832,-3.3574579146219134e-11,0.9999999919028231,0.991993538372216,0.9999999958087239,0.9959841730716535
0.984,0.6004578005125295,0.3999999959077928,1.4314196952195444,-3.320659151687652e-11,0.9999999919018256,0.9919935383713844,0.9999999958082301,0.9959841730710001
0.99,0.6004578005180125,0.39999999594412816,1.4314196951656057,-3.283860388753391e-11,0.9999999919008283,0.9919935383705529,0.9999999958077364,0.9959841730703467
0.996,0.6004578005234955,0.39999999598046343,1.4314196951116671,-3.247061625819129e-11,0.9999999918998309,0.9919935383697214,0.9999999958072425,0.9959841730696932
1.002,0.6004578005289785,0.39999999601679853,1.4314196950577283,-3.2102628628848676e-11,0.9999999918988334,0.9919935383688898,0.9999999958067486,0.9959841730690397
1.008,0.6004578005344615,0.3999999960531337,1.4314196950037898,-3.1734640999506064e-11,0.9999999918978361,0.9919935383680583,0.9999999958062549,0.9959841730683864
1.014,0.6004578005399445,0.399999996089469,1.431419694949851,-3.136665337016345e-11,0.9999999918968387,0.9919935383672268,0.999999995805761,0.995984173067733
1.02,0.6004578005454274,0.3999999961258043,1.4314196948959126,-3.099866574082083e-11,0.9999999918958413,0.9919935383663951,0.9999999958052672,0.9959841730670795
1.026,0.6004578005509105,0.39999999616213966,1.4314196948419737,-3.063067811147822e-11,0.9999999918948439,0.9919935383655636,0.9999999958047735,0.9959841730664262
1.032,0.6004578005563934,0.39999999619847476,1.4314196947880353,-3.0262690482135606e-11,0.9999999918938466,0.991993538364732,0.9999999958042796,0.9959841730657726
1.038,0.6004578005618764,0.39999999623480986,1.4314196947340965,-2.9894702852792993e-11,0.9999999918928492,0.9919935383639004,0.9999999958037857,0.9959841730651191
1.044,0.6004578005673594,0.3999999962711453,1.4314196946801576,-2.9526715223450374e-11,0.9999999918918518,0.9919935383630689,0.999999995803292,0.9959841730644657
1.05,0.6004578005728424,0.3999999963074804,1.4314196946262192,-2.915872759410777e-11,0.9999999918908543,0.9919935383622372,0.9999999958027982,0.9959841730638123
1.056,0.6004578005783254,0.3999999963438158,1.4314196945722804,-2.879073996476515e-11,0.9999999918898569,0.9919935383614057,0.9999999958023044,0.9959841730631589
1.062,0.6004578005838084,0.39999999638015094,1.4314196945183417,-2.8422752335422536e-11,0.9999999918888595,0.9919935383605741,0.9999999958018105,0.9959841730625055
1.068,0.6004578005892913,0.39999999641648615,1.431419694464403,-2.8054764706079923e-11,0.9999999918878621,0.9919935383597426,0.9999999958013167,0.995984173061852
1.074,0.6004578005947744,0.3999999964528213,1.4314196944104647,-2.7686777076737304e-11,0.9999999918868648,0.991993538358911,0.9999999958008229,0.9959841730611986
1.08,0.6004578006002573,0.3999999964891565,1.4314196943565258,-2.731878944739469e-11,0.9999999918858672,0.9919935383580796,0.9999999958003292,0.9959841730605452
1.086,0.6004578006057404,0.3999999965254918,1.431419694302587,-2.6950801818052072e-11,0.99999999188487,0.9919935383572479,0.9999999957998353,0.9959841730598916
1.092,0.6004578006112233,0.399999996561827,1.4314196942486486,-2.6582814188709466e-11,0.9999999918838727,0.9919935383564165,0.9999999957993416,0.9959841730592384
1.098,0.6004578006167063,0.39999999659816227,1.4314196941947097,-2.6214826559366846e-11,0.9999999918828751,0.9919935383555848,0.9999999957988477,0.9959841730585848
1.104,0.6004578006221893,0.3999999966344974,1.4314196941407709,-2.584683893002423e-11,0.9999999918818777,0.9919935383547531,0.9999999957983539,0.9959841730579314
1.11,0.6004578006276723,0.3999999966708324,1.4314196940868322,-2.547885130068162e-11,0.9999999918808804,0.9919935383539216,0.99999999579786,0.9959841730572779
1.116,0.6004578006331552,0.39999999670716785,1.4314196940328938,-2.5110863671339005e-11,0.999999991879883,0.99199353835309,0.9999999957973663,0.9959841730566246
1.122,0.6004578006386383,0.3999999967435034,1.4314196939789552,-2.474287604199639e-11,0.9999999918788857,0.9919935383522586,0.9999999957968725,0.9959841730559712
1.128,0.6004578006441212,0.39999999677983844,1.4314196939250163,-2.437488841265379e-11,0.9999999918778881,0.991993538351427,0.9999999957963785,0.9959841730553177
1.134,0.6004578006496043,0.3999999968161737,1.431419693871078,-2.4006900783311173e-11,0.9999999918768907,0.9919935383505953,0.9999999957958848,0.9959841730546642
1.14,0.6004578006550872,0.39999999685250875,1.431419693817139,-2.3638913153968563e-11,0.9999999918758932,0.9919935383497637,0.9999999957953909,0.9959841730540107
1.146,0.6004578006605702,0.3999999968888441,1.4314196937632004,-2.3270925524625947e-11,0.999999991874896,0.9919935383489322,0.9999999957948972,0.9959841730533573
1.152,0.6004578006660533,0.3999999969251794,1.4314196937092618,-2.290293789528333e-11,0.9999999918738984,0.9919935383481008,0.9999999957944035,0.9959841730527039
1.158,0.6004578006715362,0.39999999696151445,1.431419693655323,-2.2534950265940722e-11,0.999999991872901,0.991993538347269,0.9999999957939095,0.9959841730520504
1.164,0.6004578006770193,0.39999999699784966,1.4314196936013843,-2.2166962636598106e-11,0.9999999918719038,0.9919935383464376,0.9999999957934158,0.9959841730513971
1.17,0.6004578006825022,0.39999999703418493,1.4314196935474457,-2.179897500725549e-11,0.9999999918709063,0.991993538345606,0.9999999957929221,0.9959841730507437
1.176,0.6004578006879852,0.3999999970705199,1.4314196934935073,-2.1430987377912877e-11,0.9999999918699087,0.9919935383447743,0.9999999957924282,0.9959841730500901
1.182,0.6004578006934682,0.3999999971068556,1.4314196934395684,-2.106299974857026e-11,0.9999999918689115,0.991993538343943,0.9999999957919344,0.9959841730494368
1.188,0.6004578006989512,0.3999999971431906,1.4314196933856296,-2.0695012119227645e-11,0.9999999918679141,0.9919935383431113,0.9999999957914405,0.9959841730487832
1.194,0.6004578007044342,0.39999999717952595,1.4314196933316912,-2.0327024489885032e-11,0.9999999918669166,0.9919935383422798,0.9999999957909468,0.9959841730481298
1.2,0.6004578007099172,0.39999999721586127,1.4314196932777523,-1.9959036860542416e-11,0.9999999918659193,0.9919935383414482,0.9999999957904531,0.9959841730474764
1.206,0.6004578007154001,0.3999999972521963,1.4314196932238137,-1.9591049231199804e-11,0.9999999918649219,0.9919935383406167,0.9999999957899591,0.995984173046823
1.212,0.6004578007208832,0.39999999728853164,1.4314196931698748,-1.922306160185719e-11,0.9999999918639245,0.991993538339785,0.9999999957894653,0.9959841730461696
1.218,0.6004578007263661,0.39999999732486674,1.4314196931159364,-1.8855073972514575e-11,0.9999999918629271,0.9919935383389533,0.9999999957889714,0.995984173045516
1.224,0.6004578007318491,0.399999997361202,1.4314196930619978,-1.8487086343171962e-11,0.9999999918619298,0.9919935383381218,0.9999999957884776,0.9959841730448626
1.23,0.6004578007373321,0.3999999973975372,1.431419693008059,-1.8119098713829346e-11,0.9999999918609322,0.9919935383372903,0.9999999957879838,0.9959841730442092
1.236,0.6004578007428151,0.3999999974338725,1.4314196929541205,-1.775111108448673e-11,0.999999991859935,0.9919935383364586,0.9999999957874901,0.9959841730435557
1.242,0.6004578007482981,0.39999999747020776,1.431419692900182,-1.7383123455144117e-11,0.9999999918589374,0.9919935383356272,0.9999999957869962,0.9959841730429023
1.248,0.6004578007537811,0.39999999750654275,1.431419692846243,-1.70151358258015e-11,0.9999999918579401,0.9919935383347955,0.9999999957865024,0.9959841730422488
1.254,0.600457800759264,0.39999999754287807,1.4314196927923042,-1.664714819645889e-11,0.9999999918569427,0.991993538333964,0.9999999957860086,0.9959841730415955
1.26,0.6004578007647471,0.39999999757921334,1.4314196927383658,-1.6279160567116273e-11,0.9999999918559453,0.9919935383331324,0.9999999957855149,0.9959841730409421
1.266,0.60045780077023,0.3999999976155486,1.431419692684427,-1.591117293777366e-11,0.9999999918549479,0.9919935383323009,0.999999995785021,0.9959841730402886
1.272,0.6004578007757131,0.3999999976518838,1.4314196926304883,-1.5543185308431047e-11,0.9999999918539506,0.9919935383314693,0.9999999957845271,0.995984173039635
1.278,0.600457800781196,0.3999999976882193,1.4314196925765499,-1.517519767908843e-11,0.9999999918529532,0.9919935383306377,0.9999999957840334,0.9959841730389817
1.284,0.600457800786679,0.39999999772455413,1.4314196925226113,-1.4807210049745818e-11,0.9999999918519556,0.9919935383298061,0.9999999957835395,0.9959841730383282
1.29,0.600457800792162,0.39999999776088957,1.4314196924686724,-1.4439222420403202e-11,0.9999999918509582,0.9919935383289746,0.9999999957830458,0.995984173037675
1.296,0.600457800797645,0.3999999977972247,1.4314196924147335,-1.407123479106059e-11,0.9999999918499609,0.9919935383281431,0.9999999957825519,0.9959841730370214
1.302,0.600457800803128,0.39999999783355994,1.4314196923607951,-1.3703247161717974e-11,0.9999999918489635,0.9919935383273114,0.9999999957820581,0.995984173036368
1.308,0.600457800808611,0.39999999786989526,1.4314196923068563,-1.3335259532375358e-11,0.9999999918479662,0.99199353832648,0.9999999957815644,0.9959841730357146
1.314,0.600457800814094,0.39999999790623036,1.4314196922529177,-1.2967271903032745e-11,0.9999999918469687,0.9919935383256483,0.9999999957810705,0.9959841730350609
1.32,0.600457800819577,0.3999999979425659,1.431419692198979,-1.2599284273690129e-11,0.9999999918459714,0.9919935383248167,0.9999999957805766,0.9959841730344076
1.326,0.60045780082506,0.39999999797890096,1.4314196921450404,-1.2231296644347516e-11,0.999999991844974,0.9919935383239853,0.999999995780083,0.9959841730337542
1.332,0.6004578008305429,0.3999999980152357,1.4314196920911018,-1.1863309015004903e-11,0.9999999918439765,0.9919935383231536,0.9999999957795891,0.9959841730331008
1.338,0.600457800836026,0.3999999980515713,1.431419692037163,-1.1495321385662287e-11,0.999999991842979,0.9919935383223221,0.9999999957790953,0.9959841730324474
1.344,0.6004578008415089,0.39999999808790637,1.4314196919832243,-1.1127333756319675e-11,0.9999999918419816,0.9919935383214904,0.9999999957786014,0.9959841730317938
1.35,0.600457800846992,0.39999999812424186,1.4314196919292856,-1.0759346126977059e-11,0.9999999918409844,0.991993538320659,0.9999999957781077,0.9959841730311405
1.356,0.6004578008524749,0.39999999816057713,1.4314196918753468,-1.0391358497634444e-11,0.999999991839987,0.9919935383198274,0.9999999957776139,0.9959841730304871
1.362,0.6004578008579579,0.399999998196912,1.4314196918214084,-1.0023370868291831e-11,0.9999999918389895,0.9919935383189957,0.99999999577712,0.9959841730298334
1.368,0.6004578008634409,0.39999999823324733,1.4314196917674697,-9.655383238949215e-12,0.999999991837992,0.9919935383181642,0.9999999957766261,0.99598417302918
1.374,0.6004578008689239,0.39999999826958255,1.4314196917135311,-9.287395609606603e-12,0.9999999918369947,0.9919935383173327,0.9999999957761324,0.9959841730285267
1.38,0.6004578008744069,0.39999999830591787,1.4314196916595925,-8.919407980264001e-12,0.9999999918359973,0.9919935383165011,0.9999999957756386,0.9959841730278733
1.386,0.6004578008798899,0.3999999983422531,1.4314196916056536,-8.551420350921387e-12,0.9999999918349999,0.9919935383156696,0.9999999957751448,0.9959841730272199
1.392,0.6004578008853728,0.39999999837858824,1.431419691551715,-8.183432721578771e-12,0.9999999918340023,0.9919935383148379,0.9999999957746509,0.9959841730265664
1.398,0.6004578008908559,0.3999999984149235,1.4314196914977761,-7.815445092236158e-12,0.9999999918330053,0.9919935383140064,0.9999999957741572,0.995984173025913
1.404,0.6004578008963388,0.3999999984512588,1.4314196914438377,-7.447457462893544e-12,0.9999999918320077,0.9919935383131748,0.9999999957736634,0.9959841730252595
1.41,0.6004578009018218,0.3999999984875941,1.4314196913898989,-7.079469833550929e-12,0.9999999918310105,0.9919935383123433,0.9999999957731696,0.9959841730246062
1.416,0.6004578009073048,0.3999999985239293,1.4314196913359603,-6.711482204208315e-12,0.9999999918300129,0.9919935383115117,0.9999999957726758,0.9959841730239527
1.422,0.6004578009127878,0.39999999856026436,1.4314196912820218,-6.3434945748657006e-12,0.9999999918290156,0.9919935383106802,0.999999995772182,0.9959841730232993
1.428,0.6004578009182708,0.3999999985966,1.4314196912280832,-5.975506945523086e-12,0.9999999918280181,0.9919935383098487,0.9999999957716882,0.9959841730226457
1.434,0.6004578009237538,0.3999999986329351,1.4314196911741444,-5.607519316180472e-12,0.9999999918270208,0.991993538309017,0.9999999957711942,0.9959841730219923
1.44,0.6004578009292367,0.3999999986692703,1.4314196911202055,-5.2395316868378574e-12,0.9999999918260234,0.9919935383081855,0.9999999957707004,0.9959841730213388
1.446,0.6004578009347198,0.39999999870560554,1.431419691066267,-4.871544057495243e-12,0.9999999918250259,0.9919935383073539,0.9999999957702067,0.9959841730206854
1.452,0.6004578009402027,0.3999999987419405,1.4314196910123285,-4.503556428152629e-12,0.9999999918240284,0.9919935383065223,0.9999999957697129,0.9959841730200321
1.458,0.6004578009456858,0.39999999877827597,1.4314196909583896,-4.135568798810015e-12,0.9999999918230313,0.9919935383056908,0.999999995769219,0.9959841730193786
1.464,0.6004578009511687,0.399999998814611,1.431419690904451,-3.7675811694674e-12,0.9999999918220338,0.9919935383048591,0.9999999957687252,0.9959841730187252
1.47,0.6004578009566517,0.39999999885094634,1.4314196908505123,-3.3995935401247855e-12,0.9999999918210363,0.9919935383040275,0.9999999957682314,0.9959841730180716
1.476,0.6004578009621347,0.39999999888728166,1.4314196907965737,-3.031605910782172e-12,0.9999999918200388,0.9919935383031961,0.9999999957677376,0.9959841730174183
1.482,0.6004578009676177,0.399999998923617,1.4314196907426349,-2.6636182814395568e-12,0.9999999918190416,0.9919935383023646,0.999999995767244,0.9959841730167649
1.488,0.6004578009731008,0.39999999895995203,1.4314196906886965,-2.2956306520969424e-12,0.9999999918180442,0.9919935383015329,0.9999999957667499,0.9959841730161113
1.494,0.6004578009785837,0.39999999899628724,1.4314196906347576,-1.927643022754329e-12,0.9999999918170467,0.9919935383007014,0.9999999957662562,0.9959841730154579
1.5,0.6004578009840666,0.39999999903262257,1.431419690580819,-1.5596553934117136e-12,0.9999999918160494,0.9919935382998698,0.9999999957657624,0.9959841730148045
1.506,0.6004578009895497,0.39999999906895783,1.4314196905268803,-1.1916677640691e-12,0.999999991815052,0.9919935382990381,0.9999999957652685,0.9959841730141511
1.512,0.6004578009950327,0.399999999105293,1.4314196904729417,-8.236801347264849e-13,0.9999999918140546,0.9919935382982067,0.9999999957647748,0.9959841730134977
1.518,0.6004578010005156,0.39999999914162804,1.4314196904190029,-4.556925053838705e-13,0.9999999918130572,0.9919935382973751,0.999999995764281,0.9959841730128443
1.524,0.6004578010059987,0.3999999991779635,1.4314196903650642,-8.770487604125652e-14,0.9999999918120598,0.9919935382965435,0.9999999957637872,0.9959841730121908
1.53,0.6004578010114816,0.39999999921429846,1.4314196903111258,2.8028275330135786e-13,0.9999999918110622,0.9919935382957118,0.9999999957632932,0.9959841730115372
1.536,0.6004578010169647,0.39999999925063384,1.431419690257187,6.482703826439722e-13,0.9999999918100649,0.9919935382948804,0.9999999957627995,0.9959841730108838
1.542,0.6004578010224476,0.3999999992869694,1.431419690203248,1.0162580119865866e-12,0.9999999918090675,0.9919935382940488,0.9999999957623058,0.9959841730102305
1.548,0.6004578010279306,0.39999999932330427,1.4314196901493097,1.3842456413292008e-12,0.9999999918080702,0.9919935382932172,0.9999999957618119,0.995984173009577
1.554,0.6004578010334136,0.3999999993596394,1.431419690095371,1.7522332706718152e-12,0.9999999918070728,0.9919935382923858,0.9999999957613182,0.9959841730089236
1.56,0.6004578010388966,0.3999999993959744,1.4314196900414322,2.1202209000144294e-12,0.9999999918060752,0.991993538291554,0.9999999957608243,0.9959841730082701
1.566,0.6004578010443796,0.3999999994323099,1.4314196899874938,2.488208529357044e-12,0.9999999918050778,0.9919935382907225,0.9999999957603306,0.9959841730076169
1.572,0.6004578010498626,0.39999999946864523,1.431419689933555,2.856196158699658e-12,0.9999999918040806,0.991993538289891,0.9999999957598367,0.9959841730069634
1.578,0.6004578010469617,0.39999999947565595,1.4314196899016414,2.891849713384488e-12,0.999999991803481,0.9919935382894879,0.9999999957595798,0.9959841730066351
1.584,0.6004578010426618,0.3999999994777738,1.4314196898734028,2.8720515937591305e-12,0.9999999918029482,0.9919935382891563,0.9999999957593624,0.9959841730063612
1.59,0.6004578010383619,0.3999999994798915,1.4314196898451645,2.8522534741337735e-12,0.9999999918024152,0.9919935382888245,0.999999995759145,0.9959841730060872
1.596,0.6004578010340621,0.39999999948200976,1.431419689816926,2.8324553545084166e-12,0.9999999918018823,0.9919935382884929,0.9999999957589276,0.9959841730058133
1.602,0.6004578010297622,0.3999999994841272,1.4314196897886873,2.812657234883059e-12,0.9999999918013495,0.9919935382881613,0.9999999957587103,0.9959841730055394
1.608,0.6004578010254624,0.39999999948624526,1.431419689760449,2.792859115257702e-12,0.9999999918008164,0.9919935382878298,0.999999995758493,0.9959841730052655
1.614,0.6004578010211625,0.3999999994883629,1.4314196897322105,2.773060995632345e-12,0.9999999918002835,0.991993538287498,0.9999999957582756,0.9959841730049914
1.62,0.6004578010168626,0.39999999949048065,1.431419689703972,2.753262876006988e-12,0.9999999917997505,0.9919935382871664,0.9999999957580582,0.9959841730047175
1.626,0.6004578010125629,0.39999999949259873,1.4314196896757332,2.733464756381632e-12,0.9999999917992176,0.9919935382868349,0.999999995757841,0.9959841730044438
1.632,0.600457801008263,0.3999999994947166,1.4314196896474949,2.713666636756275e-12,0.9999999917986846,0.9919935382865032,0.9999999957576235,0.9959841730041697
1.638,0.6004578010039632,0.3999999994968344,1.4314196896192566,2.6938685171309182e-12,0.9999999917981516,0.9919935382861715,0.9999999957574062,0.9959841730038957
1.644,0.6004578009996633,0.3999999994989522,1.4314196895910178,2.6740703975055605e-12,0.9999999917976187,0.9919935382858398,0.9999999957571888,0.9959841730036219
1.65,0.6004578009953634,0.39999999950106996,1.4314196895627793,2.6542722778802036e-12,0.9999999917970857,0.9919935382855083,0.9999999957569715,0.9959841730033479
1.656,0.6004578009910636,0.3999999995031875,1.431419689534541,2.6344741582548467e-12,0.9999999917965527,0.9919935382851767,0.9999999957567541,0.995984173003074
1.662,0.6004578009867637,0.3999999995053051,1.4314196895063025,2.614676038629489e-12,0.9999999917960197,0.991993538284845,0.9999999957565368,0.9959841730028002
1.668,0.6004578009824639,0.39999999950742354,1.4314196894780638,2.594877919004132e-12,0.9999999917954868,0.9919935382845134,0.9999999957563195,0.9959841730025262
1.674,0.600457800978164,0.3999999995095412,1.4314196894498254,2.575079799378775e-12,0.9999999917949539,0.9919935382841817,0.999999995756102,0.9959841730022522
1.68,0.6004578009738641,0.3999999995116588,1.4314196894215871,2.555281679753418e-12,0.9999999917944209,0.9919935382838501,0.9999999957558846,0.9959841730019782
1.686,0.6004578009695644,0.399999999513777,1.4314196893933484,2.5354835601280613e-12,0.999999991793888,0.9919935382835184,0.9999999957556673,0.9959841730017044
1.692,0.6004578009652645,0.39999999951589477,1.4314196893651099,2.5156854405027035e-12,0.999999991793355,0.991993538283187,0.9999999957554501,0.9959841730014305
1.698,0.6004578009609647,0.39999999951801263,1.4314196893368714,2.4958873208773466e-12,0.999999991792822,0.9919935382828551,0.9999999957552325,0.9959841730011564
1.704,0.6004578009566648,0.3999999995201303,1.4314196893086328,2.4760892012519897e-12,0.999999991792289,0.9919935382825236,0.9999999957550152,0.9959841730008826
1.71,0.6004578009523649,0.3999999995222484,1.431419689280394,2.4562910816266328e-12,0.9999999917917562,0.991993538282192,0.9999999957547979,0.9959841730006087
1.716,0.6004578009480651,0.39999999952436605,1.4314196892521558,2.436492962001276e-12,0.9999999917912233,0.9919935382818604,0.9999999957545807,0.9959841730003348
1.722,0.6004578009437652,0.39999999952648363,1.4314196892239175,2.416694842375919e-12,0.9999999917906901,0.9919935382815286,0.9999999957543632,0.9959841730000608
1.728,0.6004578009394654,0.3999999995286018,1.4314196891956787,2.3968967227505612e-12,0.9999999917901572,0.991993538281197,0.9999999957541458,0.9959841729997869
1.734,0.6004578009351655,0.3999999995307195,1.4314196891674404,2.3770986031252043e-12,0.9999999917896244,0.9919935382808655,0.9999999957539284,0.9959841729995129
1.74,0.6004578009308656,0.3999999995328373,1.4314196891392017,2.3573004834998474e-12,0.9999999917890914,0.9919935382805337,0.999999995753711,0.995984172999239
1.746,0.6004578009265659,0.3999999995349551,1.4314196891109634,2.3375023638744905e-12,0.9999999917885583,0.9919935382802022,0.9999999957534937,0.995984172998965
1.752,0.600457800922266,0.399999999537073,1.4314196890827247,2.3177042442491336e-12,0.9999999917880256,0.9919935382798705,0.9999999957532764,0.9959841729986911
1.758,0.6004578009179661,0.39999999953919074,1.4314196890544864,2.2979061246237766e-12,0.9999999917874923,0.9919935382795388,0.999999995753059,0.9959841729984173
1.764,0.6004578009136663,0.3999999995413085,1.4314196890262478,2.278108004998419e-12,0.9999999917869594,0.9919935382792072,0.9999999957528416,0.9959841729981432
1.77,0.6004578009093664,0.39999999954342624,1.4314196889980093,2.258309885373062e-12,0.9999999917864264,0.9919935382788755,0.9999999957526242,0.9959841729978693
1.776,0.6004578009050666,0.3999999995455444,1.4314196889697708,2.238511765747705e-12,0.9999999917858936,0.9919935382785441,0.999999995752407,0.9959841729975956
1.782,0.6004578009007667,0.3999999995476622,1.4314196889415323,2.218713646122348e-12,0.9999999917853607,0.9919935382782124,0.9999999957521896,0.9959841729973216
1.788,0.6004578008964668,0.3999999995497798,1.431419688913294,2.1989155264969913e-12,0.9999999917848276,0.9919935382778807,0.9999999957519722,0.9959841729970476
1.794,0.600457800892167,0.3999999995518977,1.4314196888850557,2.1791174068716335e-12,0.9999999917842948,0.991993538277549,0.9999999957517548,0.9959841729967737
1.8,0.6004578008878672,0.3999999995540154,1.4314196888568167,2.1593192872462766e-12,0.9999999917837616,0.9919935382772176,0.9999999957515374,0.9959841729964998
1.806,0.6004578008835674,0.39999999955613347,1.4314196888285784,2.1395211676209197e-12,0.9999999917832288,0.9919935382768859,0.9999999957513201,0.9959841729962258
1.812,0.6004578008792675,0.3999999995582512,1.4314196888003399,2.119723047995562e-12,0.9999999917826959,0.9919935382765543,0.9999999957511028,0.9959841729959519
1.818,0.6004578008749676,0.3999999995603689,1.4314196887721014,2.099924928370205e-12,0.9999999917821629,0.9919935382762226,0.9999999957508854,0.9959841729956779
1.824,0.6004578008706678,0.3999999995624868,1.4314196887438628,2.080126808744849e-12,0.9999999917816299,0.9919935382758908,0.999999995750668,0.995984172995404
1.83,0.6004578008663679,0.3999999995646046,1.4314196887156243,2.0603286891194912e-12,0.9999999917810969,0.9919935382755593,0.9999999957504506,0.99598417299513
1.836,0.6004578008620681,0.3999999995667226,1.431419688687386,2.0405305694941343e-12,0.999999991780564,0.9919935382752277,0.9999999957502334,0.9959841729948562
1.842,0.6004578008577682,0.3999999995688402,1.4314196886591473,2.0207324498687774e-12,0.9999999917800311,0.9919935382748961,0.999999995750016,0.9959841729945822
1.848,0.6004578008534683,0.39999999957095816,1.4314196886309087,2.0009343302434197e-12,0.999999991779498,0.9919935382745644,0.9999999957497986,0.9959841729943083
1.854,0.6004578008491686,0.3999999995730758,1.4314196886026704,1.9811362106180627e-12,0.9999999917789651,0.9919935382742328,0.9999999957495812,0.9959841729940342
1.86,0.6004578008448687,0.39999999957519367,1.4314196885744321,1.961338090992706e-12,0.9999999917784321,0.991993538273901,0.9999999957493638,0.9959841729937604
1.866,0.6004578008405689,0.3999999995773117,1.4314196885461934,1.941539971367349e-12,0.9999999917778992,0.9919935382735696,0.9999999957491467,0.9959841729934866
1.872,0.600457800836269,0.3999999995794293,1.4314196885179549,1.921741851741992e-12,0.9999999917773663,0.9919935382732378,0.9999999957489292,0.9959841729932125
1.878,0.6004578008319691,0.3999999995815471,1.4314196884897166,1.901943732116636e-12,0.9999999917768332,0.9919935382729062,0.9999999957487118,0.9959841729929386
1.884,0.6004578008276693,0.399999999583665,1.4314196884614778,1.882145612491279e-12,0.9999999917763003,0.9919935382725746,0.9999999957484944,0.9959841729926647
1.89,0.6004578008233694,0.3999999995857828,1.4314196884332395,1.8623474928659212e-12,0.9999999917757673,0.9919935382722429,0.999999995748277,0.9959841729923907
1.896,0.6004578008190695,0.3999999995879007,1.4314196884050008,1.8425493732405643e-12,0.9999999917752344,0.9919935382719114,0.9999999957480598,0.9959841729921168
1.902,0.6004578008147697,0.3999999995900187,1.4314196883767625,1.8227512536152066e-12,0.9999999917747014,0.9919935382715799,0.9999999957478424,0.9959841729918429
1.908,0.6004578008104698,0.39999999959213645,1.4314196883485237,1.8029531339898497e-12,0.9999999917741684,0.991993538271248,0.999999995747625,0.995984172991569
1.914,0.6004578008061701,0.39999999959425403,1.4314196883202852,1.7831550143644928e-12,0.9999999917736355,0.9919935382709165,0.9999999957474077,0.9959841729912952
1.92,0.6004578008018702,0.39999999959637206,1.431419688292047,1.7633568947391358e-12,0.9999999917731025,0.9919935382705849,0.9999999957471902,0.9959841729910212
1.926,0.6004578007975703,0.39999999959848975,1.4314196882638084,1.743558775113779e-12,0.9999999917725695,0.9919935382702532,0.9999999957469728,0.9959841729907473
1.932,0.6004578007932705,0.3999999996006078,1.4314196882355699,1.723760655488422e-12,0.9999999917720366,0.9919935382699214,0.9999999957467555,0.9959841729904733
1.938,0.6004578007889706,0.3999999996027253,1.4314196882073313,1.7039625358630643e-12,0.9999999917715037,0.9919935382695898,0.9999999957465381,0.9959841729901994
1.944,0.6004578007846708,0.3999999996048432,1.4314196881790928,1.6841644162377074e-12,0.9999999917709707,0.9919935382692582,0.9999999957463207,0.9959841729899254
1.95,0.6004578007803709,0.399999999606961,1.4314196881508543,1.6643662966123505e-12,0.9999999917704377,0.9919935382689267,0.9999999957461035,0.9959841729896515
1.956,0.600457800776071,0.3999999996090787,1.431419688122616,1.6445681769869935e-12,0.9999999917699047,0.991993538268595,0.9999999957458862,0.9959841729893777
1.962,0.6004578007717712,0.3999999996111969,1.4314196880943775,1.6247700573616366e-12,0.9999999917693719,0.9919935382682635,0.9999999957456688,0.9959841729891038
1.968,0.6004578007674714,0.3999999996133147,1.431419688066139,1.6049719377362797e-12,0.9999999917688388,0.9919935382679317,0.9999999957454514,0.9959841729888297
1.974,0.6004578007631716,0.39999999961543237,1.4314196880379004,1.585173818110922e-12,0.9999999917683058,0.9919935382676,0.9999999957452339,0.9959841729885557
1.98,0.6004578007588717,0.39999999961755045,1.4314196880096617,1.565375698485565e-12,0.9999999917677731,0.9919935382672685,0.9999999957450167,0.9959841729882819
1.986,0.6004578007545718,0.39999999961966803,1.4314196879814234,1.5455775788602081e-12,0.9999999917672402,0.9919935382669368,0.9999999957447994,0.9959841729880079
1.992,0.600457800750272,0.39999999962178595,1.431419687953185,1.5257794592348512e-12,0.999999991766707,0.9919935382666053,0.999999995744582,0.995984172987734
1.998,0.6004578007459721,0.39999999962390376,1.4314196879249463,1.5059813396094943e-12,0.9999999917661742,0.9919935382662736,0.9999999957443646,0.9959841729874601
2.0000000003000147,0.6004578007445388,0.39999999962460986,1.4314196879155334,1.4993819654110872e-12,0.9999999917659966,0.9919935382661631,0.9999999957442922,0.9959841729873689
2.0000000003000147,0.6004578007445388,0.09132068365158952,1.3605027055639363,1.4993819654110872e-12,0.6215157149266437,0.2309507501929357,0.3117892081706947,1e-10
2.004,0.600548544762725,0.09014283330149866,1.368976864251345,0.00014451081057256378,0.6073444327807509,0.2271545940209276,0.3108425682100411,1e-10
2.01,0.6010259234708548,0.08866689550418119,1.4080253183578282,0.00036216588836116855,0.5881664703693337,0.22200740978406128,0.3095573787545312,1e-10
2.016,0.6019144201021835,0.08749583516532317,1.4470847126839326,0.0005806848393010358,0.5712122627116659,0.21744518381198139,0.30841627209184413,1e-10
2.022,0.6032154711839347,0.08658730758915292,1.4862579651859746,0.0007998690732166755,0.556210180559895,0.2133962671845848,0.307401567964572,1e-10
2.028,0.6049301652911826,0.08590609776648106,1.5255805730537746,0.0010195471579423855,0.5429219037112468,0.20979778918358438,0.3064977448178216,1e-10
2.034,0.6070592897961179,0.08542291748232658,1.5650521080060011,0.001239570248019191,0.5311383948909765,0.2065945743335086,0.3056911684345156,1e-10
2.04,0.6096033697607461,0.08511338785349998,1.60465271895407,0.0014598082907816415,0.5206763464456804,0.20373819208131527,0.3049698554107464,1e-10
2.046,0.6125627003005003,0.08495718546095002,1.6443527215088831,0.0016801468894524407,0.5113750432050134,0.2011861225784225,0.3043232667406493,1e-10
2.052,0.6159373735594937,0.08493733005804713,1.6841182172940843,0.001900484715646599,0.5030935937990947,0.198901024412505,0.30374212750804963,1e-10
2.058,0.6197273013326425,0.08503959268521638,1.7239143770044483,0.002120731369358223,0.4957084834808903,0.19685009043725635,0.3032182688730549,1e-10
2.064,0.6239322339099906,0.08525200636537425,1.7637072928404713,0.0023408056297873616,0.48911142638133764,0.19500448480465638,0.3027444903990166,1e-10
2.07,0.6285517759682671,0.08556446203555135,1.8034650030393184,0.0025606340145125518,0.48320747396834063,0.1933388487721449,0.30231443944991326,1e-10
2.076,0.6335854000126138,0.08596837559335799,1.8431579933069782,0.0027801495950387704,0.4779133532211665,0.19183086760687665,0.3019225056457391,1e-10
2.082,0.639032457791566,0.08645641386140435,1.8827593851200675,0.0029992910242899605,0.4731560084730703,0.19046089121974064,0.3015637284867414,1e-10
2.088,0.6448921900428007,0.08702226923200237,1.922244946340255,0.0032180017398370495,0.46887132409773485,0.18921160219388558,0.30123371654879844,1e-10
2.094,0.6511637348704775,0.08766047443317262,1.9615929946641963,0.0034362293115540463,0.4650030071855551,0.18806772552465184,0.30092857683630786,1e-10
2.1,0.6578461350160012,0.08836625011218971,2.0007842424129363,0.0036539249062590715,0.46150160909292365,0.18701577438797515,0.3006448528881638,1e-10
2.106,0.664938344214075,0.08913537938734148,2.0398016143453943,0.0038710428496955356,0.4583236697787932,0.18604382768307245,0.30037947059990877,1e-10
2.112,0.6724392327946764,0.0899641045722046,2.07863005597425,0.004087540269281343,0.45543097066820243,0.18514133562497734,0.300129690860834,1e-10
2.118,0.6803475926379984,0.09084904249643108,2.1172563461922205,0.004303376807140658,0.4527898871921493,0.184298951174044,0.29989306849010927,1e-10
2.124,0.6886621417442487,0.09178711331377343,2.155668909872919,0.004518514375077001,0.45037080839341453,0.18350837847076212,0.29966741525360335,1e-10
2.13,0.6973815283981519,0.09277548121108728,2.193857641509931,0.0047329169544198645,0.44814762775747846,0.1827622396137201,0.2994507673405685,1e-10
2.136,0.7065043347643664,0.09381150811949351,2.231813759446086,0.004946550459915151,0.44609732994527124,0.18205396690569933,0.299241359173884,1e-10
2.142,0.7160290805096888,0.09489271200868205,2.2695296531025955,0.005159382601856375,0.44419959356176825,0.18137769847858748,0.29903759791169277,1e-10
2.148,0.7259542260066598,0.09601673468704214,2.3069987595829256,0.005371382799811001,0.4424364714683773,0.18072819461978246,0.29883804311950257,1e-10
2.15000000031502,0.7293513118472064,0.09640053098438175,2.319432623911869,0.005441859617775996,0.44187588162293884,0.18051681533050706,0.2987722302607822,1e-10
2.15000000031502,0.7293513118472064,0.5699433923234306,2.3783388025598313,0.005441859617775996,0.7635545309435221,0.8461981780814637,0.9025507097703009,0.8743350131526165
2.150156184307798,0.7296182485811229,0.5701584351934769,2.3796312770024333,0.005438717413986897,0.7640994142273935,0.8465266257740425,0.9027696537929155,0.8746087207551577
2.150156184307798,0.7296182485811229,0.5701584351934769,2.3796312770024333,0.005438717413986897,0.7640994142273935,0.8465266257740425,0.9027696537929155,0.8746087207551577
2.154,0.7361386829054342,0.5755088431500688,2.4111432600526834,0.005360146811671534,0.7770440379506312,0.8543192399497844,0.9079632324235404,0.8811019617454449
2.16,0.7461231129523059,0.5840282671069512,2.4592434038020707,0.005232672915238514,0.7955609492037843,0.8654321162755816,0.9153661440612333,0.8903595953692928
2.166,0.7558616365326899,0.5926568884807172,2.5061111157188125,0.005099219502468544,0.812199991643984,0.875382844217703,0.9219909108979374,0.8986465992059237
2.172,0.7653429332333538,0.6013021460975589,2.5518450585101937,0.0049597450847224805,0.8271515876855025,0.8842946978268232,0.9279203453471685,0.9060661133119077
2.172900135901215,0.7667424511234755,0.6025955825313446,2.558614044940141,0.004938301780633774,0.829260061577422,0.8855490811767429,0.9287546262658015,0.9071102475191956
2.172900135901215,0.7667424511234755,0.6025955825313446,2.558614044940141,0.004938301780633774,0.829260061577422,0.8855490811767429,0.9287546262658015,0.9071102475191956
2.178,0.7745556621701907,0.6098862703507723,2.596535038042172,0.004814267735539406,0.8405896349915969,0.8922788223046197,0.9332290589606361,0.9127110922257075
2.184,0.78348856511501,0.6183440795911074,2.6402626049211113,0.004662855492839751,0.8526722308519786,0.8994353173431533,0.9379842207674282,0.9186652325357573
2.19,0.7921305525694876,0.6266211123228362,2.6831016252477773,0.004505618204819783,0.8635426415059759,0.9058542593249322,0.9422462622608841,0.9240038408259411
2.196,0.8004707759401244,0.6346720363186373,2.7251188407527716,0.00434270058017032,0.8733303802123829,0.9116166517623518,0.9460695262842275,0.9287946361603759
2.201846402746304,0.8082971563895837,0.6422634967605084,2.7653273465110484,0.004178654946639416,0.8819376414892399,0.9166694632035493,0.9494194648851314,0.9329939256529602
2.201846402746304,0.8082971563895837,0.6422634967605084,2.7653273465110484,0.004178654946639416,0.8819376414892399,0.9166694632035493,0.9494194648851314,0.9329939256529602
2.202,0.8084986875683032,0.6424592918171077,2.766374428161999,0.004174276257869117,0.8821523212208775,0.9167953055854097,0.9495028637169538,0.9330984904003539
2.208,0.8162040894232351,0.6499519310636842,2.8069225549939705,0.004000542789658414,0.8901137988920398,0.9214556482351727,0.9525901791298153,0.9369701067608925
2.214,0.8235771778931391,0.6571246056306388,2.8468119028864853,0.003821717289183879,0.8973096068560806,0.9256564297277616,0.9553709053984456,0.940458610903579
2.22,0.8306085710750666,0.6639567304889664,2.886086214335658,0.003638032926985381,0.903825041660352,0.9294504258829088,0.9578804749403633,0.9436081386528274
2.226,0.8372893404011361,0.670431732433751,2.9247847688109196,0.0034497357655257745,0.9097367642246533,0.9328850108324591,0.9601507027911848,0.9464583140813345
2.2274051826064873,0.8388023641078306,0.6718950650117702,2.9337685223641032,0.0034049978751831455,0.9110415854154638,0.9336421076301361,0.960650930272732,0.9470864602158622
2.2274051826064873,0.8388023641078306,0.6718950650117702,2.9337685223641032,0.0034049978751831455,0.9110415854154638,0.9336421076301361,0.960650930272732,0.9470864602158622
2.232,0.8436110305780815,0.6765364237715756,2.962942853271835,0.0032570822133340376,0.9151136535189717,0.9360027101399443,0.9622101561621274,0.949044711028372
2.238,0.8495656793876254,0.6822604513971303,3.000592181442644,0.003060336772637777,0.9200175478344675,0.9388416756597704,0.9640844714375795,0.9513992491293198
2.244,0.855145827452965,0.6875958429455092,3.037761297972363,0.002859770332401523,0.9245039707203605,0.9414361436081402,0.9657966597733953,0.9535505757072633
2.247230286553896,0.8579925324919854,0.6903052035208367,3.0575826997859195,0.0027503032414530463,0.9267641605835099,0.9427425940707431,0.966658650093739,0.9546337679165682
2.247230286553896,0.8579925324919854,0.6903052035208367,3.0575826997859195,0.0027503032414530463,0.9267641605835099,0.9427425940707431,0.966658650093739,0.9546337679165682
2.25,0.8603445309655293,0.6925366012887676,3.0744759245542728,0.002655658588236348,0.9286227393772533,0.9438168163563863,0.9673673617117919,0.9555243840014896
2.256,0.865155371963665,0.6970783589753496,3.110759271322579,0.002448280655533018,0.9324185183263707,0.9460112073109276,0.9688150771348457,0.9573437005922804
2.2591726418076705,0.8675404190968657,0.6993175786809769,3.129777868794649,0.0023374004462971758,0.9343089051822513,0.9471047640432549,0.9695366061785531,0.9582503890285927
2.2591726418076705,0.8675404190968657,0.6993175786809769,3.129777868794649,0.0023374004462971758,0.9343089051822513,0.9471047640432549,0.9695366061785531,0.9582503890285927
2.262,0.8695724564133348,0.7012181093074575,3.1466323428103866,0.002237918320964122,0.9359313851622691,0.9480439901855504,0.9701563981426936,0.9590291764798633
2.263383051834574,0.8705342141769722,0.7021151212982665,3.154845251274915,0.0021890345602237995,0.9367048676385289,0.9484920195147125,0.9704520922439343,0.9594006994198059
2.263383051834574,0.8705342141769722,0.7021151212982665,3.154845251274915,0.0021890345602237995,0.9367048676385289,0.9484920195147125,0.9704520922439343,0.9594006994198059
2.2638612180844753,0.8708617798959344,0.7024202514991225,3.1576799284465102,0.002172101098521753,0.936969312394757,0.9486452424113129,0.9705532248530899,0.959527762267958
2.2638612180844753,0.8708617798959344,0.7024202514991225,3.1576799284465102,0.002172101098521753,0.936969312394757,0.9486452424113129,0.9705532248530899,0.959527762267958
2.2638670000896015,0.8708657252512664,0.7024239254098267,3.157714190454228,0.0021718962364326907,0.9369725008350239,0.9486470899906263,0.9705544443459211,0.9595292944216486
2.2638670000896015,0.8708657252512664,0.7024239254098267,3.157714190454228,0.0021718962364326907,0.9369725008350239,0.9486470899906263,0.9705544443459211,0.9595292944216486
2.268,0.873590427271814,0.7049539196556756,3.1819157787073102,0.0020248548546964538,0.9391972163418201,0.9499372381531848,0.9714061685668051,0.9605992864170577
2.274,0.8772044614410205,0.7082843046536185,3.214554414117579,0.0018093746481200907,0.9422479438731138,0.951710594005521,0.9725775993301711,0.9620704718909844
2.28,0.8804102704646569,0.7112072919925756,3.2421331525601276,0.0015917632094236925,0.9451115722146469,0.9533813026180363,0.9736822934671578,0.963457170255737
2.286,0.8832041085230011,0.7137203213229744,3.2631507851955783,0.0013723075451208488,0.947812516515548,0.9549644162014597,0.9747303829036826,0.9647719857267947
2.292,0.8855827707705048,0.7158204098935184,3.2768014664890477,0.0011512965349635997,0.9503720644885247,0.956473067885205,0.9757307097706205,0.9660259166902837
2.298,0.8875435996908545,0.7175042783870996,3.2828019105969606,0.0009290211822581718,0.9528087262354475,0.9579186781458208,0.9766909630038284,0.9672285270841744
2.304,0.8890844879365417,0.7187685119511905,3.281239618409891,0.0007057747615057036,0.9551385895834774,0.9593111640486471,0.9776178167455075,0.9683881200818168
2.31,0.8902038834087995,0.7196096960154873,3.272460598888286,0.00048185286905234393,0.9573756125713125,0.9606591111735607,0.978517043969882,0.9695118807433623
2.316,0.8909007932054204,0.7200245464090664,3.2569799469309237,0.00025755337391820547,0.9595318880126821,0.9619699291107906,0.9793936192413064,0.9706060050315448
2.322,0.8911747879623855,0.720010021447502,3.235415696460947,3.317628155443308e-05,0.9616178690723893,0.9632499841225343,0.9802518063853913,0.9716758098855002
2.328,0.8910260057347089,0.7195634273922742,3.2084355188443943,-0.00019097646814733593,0.9636425722005628,0.9645047186799419,0.9810952375306186,0.9727258324347527
2.334,0.8904551553082404,0.7186825050853641,3.176719781838596,-0.0004146012804463554,0.9656137495806298,0.9657387534295847,0.981926980610977,0.9737599146818346
2.34,0.8894635189986111,0.7173655046545875,3.140934591926088,-0.0006373932381363692,0.9675380391964117,0.9669559763608413,0.9827495984969081,0.9747812776213289
2.346,0.8880529548492292,0.7156112492517968,3.1017128120074093,-0.0008590464802796871,0.9694210954199101,0.9681596209211565,0.9835652009236682,0.9757925862537934
2.352,0.8862258980106705,0.7134191872984236,3.0596420207790325,-0.0010792546233104993,0.9712677015166791,0.9693523339396589,0.9843754897975613,0.9767960062156504
2.358,0.8839853612798613,0.7107894347617394,3.015257714635948,-0.0012977112158445577,0.9730818664924663,0.9705362347834967,0.9851817988257315,0.9777932532093998
2.364,0.881334934788315,0.7077228100949586,2.9690400121028198,-0.0015141102189300457,0.9748669094805765,0.9717129676098172,0.9859851287018712,0.97878563678045
2.37,0.8782787847536758,0.7042208623338441,2.9214132257838825,-0.001728146508377151,0.9766255330039002,0.9728837474895516,0.9867861783611399,0.9797740990845201
2.376,0.8748216512758308,0.7002858936787213,2.872747494116201,-0.0019395163949221352,0.9783598869787778,0.974049401477764,0.9875853730120769,0.9807592495355559
2.382,0.8709688451261165,0.6959209773409729,2.8233618105536884,-0.0021479181584791425,0.9800716247055397,0.9752104053361816,0.9883828894074386,0.9817413959166127
2.388,0.8667262435147158,0.6911299717626437,2.7735279284593286,-0.0023530525932233862,0.9817619523417384,0.9763669167552281,0.9891786789082928,0.9827205726529515
2.394,0.8621002848450947,0.6859175321136987,2.723474768492181,-0.00255462356135198,0.983431673187262,0.9775188058241239,0.9899724888297985,0.9836965668642627
2.4,0.8570979623855511,0.6802891191649849,2.6733930807052886,-0.0027523385541107,0.9850812273259368,0.9786656830378054,0.990763882252119,0.9846689424306926
2.406,0.8517268169175147,0.6742510063270664,2.623440118880433,-0.0029459092579335756,0.9867107278054065,0.9798069254988122,0.9915522567236367,0.9856370626136346
2.412,0.8459949282669751,0.667810284748794,2.573744181672637,-0.0031350521248683033,0.9883199936920414,0.9809417014787458,0.9923368619566266,0.9866001113622003
2.418,0.8399109058012847,0.6609748669221736,2.5244089176942164,-0.0033194889457077367,0.9899085808889975,0.982068993825293,0.9931168168279484,0.9875571137029953
2.424,0.8334838776643091,0.653753488344055,2.4755172697608168,-0.003498947425037111,0.9914758106848206,0.983187622161607,0.9938911256396695,0.9885069551626163
2.43,0.8267234792540008,0.6461557079838319,2.4271351689069323,-0.0036731617564211613,0.9930207973335257,0.9842962646072426,0.9946586941131659,0.9894484008225182
2.436,0.8196398408095245,0.6381919069831622,2.37931492821567,-0.003841873197080348,0.9945424745476003,0.9853934789176997,0.9954183450382852,0.9903801139141721
2.442,0.8122435728662981,0.6298732837234163,2.3320979228664154,-0.004004830641387349,0.9960396191439439,0.9864777219721039,0.99616883285564,0.9913006730571
2.448,0.8045457518327059,0.6212118484223084,2.285517272691577,-0.004161791189393911,0.9975108759712158,0.9875473700013042,0.996908858748992,0.9922085901222234
2.454,0.7965579035838422,0.6122204138435718,2.239599882988101,-0.004312520709743713,0.9989547805912969,0.9886007374487876,0.9976370848370877,0.9931023269605516
2.46,0.7882919869374589,0.6029125837895128,2.1943684531353083,-0.004456794398571314,1.0003697821648934,0.9896360958722226,0.998352148388109,0.9939803121608581
2.466,0.7797603749288066,0.5933027380110589,2.1498427904624076,-0.004594397322973024,1.0017542650914948,0.9906516919955415,0.9990526754529719,0.9948409570881285
2.472,0.7709758360476143,0.5834060139269395,2.106041194260919,-0.0047251249567007905,1.0031065704743676,0.991645765512557,0.9997372943050891,0.9956826716955713
2.478,0.7619515140136832,0.5732382844292498,2.062981425935161,-0.0048487836991815275,1.004425016586813,0.9926165661205943,1.000404648327027,0.9965038796682788
2.484,0.7527009070686913,0.5628161318547658,2.0206815729326606,-0.004965191384396648,1.0057079187949387,0.9935623700220779,1.0010534084899394,0.997303033089037
2.49,0.7432378455229597,0.5521568178573031,1.9791604970502668,-0.005074177759887443,1.0069536085030484,0.9944814956036737,1.001682285219761,0.9980786263767275
2.496,0.7335764689500767,0.5412782493039162,1.938438258150871,-0.005175584947355923,1.0081604515161444,0.9953723184978606,1.0022900397744834,0.9988292096606262
2.502,0.7237312024906323,0.5301989399885083,1.8985363690351929,-0.0052692678780205515,1.009326865483482,0.9962332857993563,1.0028754949690797,0.9995534013938853
2.508,0.7137167324033766,0.5189379682046058,1.859477919937876,-0.00535509470211344,1.0104513363999532,0.9970629293960195,1.003437545209721,1.0002499001656746
2.514,0.7035479808245918,0.5075149302945012,1.821287575881723,-0.005432947168472132,1.0115324341380898,0.9978598783732686,1.0039751657991371,1.0009174956713607
2.52,0.6932400795567395,0.49594989046395904,1.7839914451514791,-0.005502720956153489,1.0125688267442672,0.9986228703087833,1.0044874213808936,1.0015550786820329
2.526,0.6828083436890361,0.48426332687074886,1.7476169387109637,-0.005564325984950672,1.0135592937179934,0.9993507615728704,1.0049734735907219,1.0021616501043045
2.532,0.6722682444318637,0.4724760744818934,1.712192527289957,-0.005617686676900863,1.0145027379909684,1.0000425364455774,1.0054325877808485,1.0027363289681879
2.538,0.6616353817789188,0.460609264658632,1.6777474832849006,-0.005662742199101909,1.0153981968850254,1.000697315208959,1.0058641389162128,1.003278359471073
2.544,0.6509254562220393,0.4486842626246812,1.6443115222749112,-0.005699446623272996,1.0162448513196964,1.0013143607602004,1.0062676163345396,1.0037871166962897
2.55,0.6401542406667838,0.43672260244082584,1.611914481366757,-0.0057277690703883945,1.0170420339490953,1.0018930841560367,1.00664262764006,1.0042621113460373
2.556,0.6293375519668511,0.424745920410649,1.5805859576799777,-0.005747693799158877,1.0177892357964469,1.0024330488228885,1.0069889015515803,1.0047029932661677
2.562,0.618491222384169,0.41277588707314744,1.5503549428091732,-0.0057592202607129415,1.0184861116643051,1.0029339736036875,1.007306289817884,1.0051095539047832
2.568,0.6076310708728794,0.4008341388163897,1.521249445926093,-0.005762363086419129,1.0191324838653752,1.003395734371251,1.0075947680220378,1.005481727480699
2.574,0.596772874530591,0.38894220940836527,1.4932961330986039,-0.005757152029182956,1.019728344511951,1.003818364363137,1.007854435380597,1.005819590992606
2.58,0.5859323402029323,0.3771214617021744,1.4665199774098956,-0.005743631869508924,1.0202738565847733,1.004202053384628,1.0080855136391906,1.006123363193461
2.586,0.575125076310673,0.3653930204909286,1.4409439242439082,-0.005721862263770868,1.020769353450059,1.0045471456967228,1.008288344949185,1.0063934023817371
2.592,0.564366564851416,0.3537777062390002,1.4165885675430059,-0.005691917569445661,1.0212153374500066,1.0048541369859918,1.0084633889954215,1.0066302033435222
2.598,0.5536721340718525,0.3422959719798612,1.3934718686659093,-0.005653886575629429,1.0216124763012222,1.0051236696797115,1.0086112188977898,1.0068343928402688
2.604,0.543056931466583,0.3309678416322634,1.3716088886536637,-0.005607872234230267,1.0219615990044353,1.0053565276575582,1.0087325165918584,1.0070067245207477
2.61,0.5325358974367643,0.31981285164667633,1.3510115555830633,-0.005553991330191627,1.0222636902327529,1.0055536297680308,1.0088280673091983,1.007148072773413
2.616,0.5221237393361261,0.30884999530788737,1.3316884498704338,-0.005492374130719291,1.0225198840043301,1.0057160226638096,1.0088987535090186,1.0072594259529648
2.622,0.5118349066440869,0.2980976716546205,1.3136446437884066,-0.005423163965069437,1.0227314556593579,1.005844872404858,1.008945547912578,1.0073418785334747
2.628,0.5016835667482518,0.2875736377284904,1.2968815631537631,-0.005346516790942229,1.0228998133007376,1.0059414555573647,1.008969506134032,1.0073966227997093
2.634,0.49168358155769154,0.27729496499126954,1.281396882446461,-0.00526260072748866,1.0230264883734541,1.0060071496297363,1.008971758817823,1.0074249399541224
2.64,0.48184848497203586,0.26727800002179564,1.267184452444187,-0.0051715955601128296,1.023113125528372,1.006043422969142,1.0089535033789367,1.0074281907509586
2.646,0.47219146125584965,0.2575383296656601,1.2542342612747903,-0.005073692218052527,1.0231614718380668,1.00605182419575,1.0089159954119213,1.0074078057305964
2.652,0.4627253251635631,0.24809075178743378,1.2425324536083884,-0.004969092213298624,1.0231733649619759,1.006033970975803,1.008860539655727,1.007365274900534
2.658,0.45346250423100165,0.23894925202582432,1.2320614120008808,-0.00485800704797974,1.0231507203944699,1.0059915382545561,1.008788480612048,1.00730213697433
2.664,0.44441501747100304,0.23012697897130338,1.2227997292234818,-0.004740657683276606,1.0230955211758739,1.0059262479631474,1.0087011941339412,1.0072199698302853
2.67,0.4355944578272328,0.22163622661637436,1.214722283030753,-0.004617273972039463,1.0230098058450783,1.005839857746453,1.008600078404719,1.0071203801804802
2.676,0.4270119724358024,0.21348841768035023,1.207800257910308,-0.004488094095852728,1.0228956579188377,1.0057341506719752,1.0084865455929999,1.0070049940702381
2.682,0.41867825306518436,0.20569410310100877,1.2020014597552866,-0.004353363852764336,1.0227551901193883,1.0056109220041354,1.008362011672152,1.0068754450070543
2.688,0.4106035357036238,0.19826297603429968,1.1972908822538628,-0.004213335838829771,1.0225905242198572,1.0054719636187777,1.00822788480137,1.006733360206596
2.694,0.402797553856889,0.19120382757179694,1.1936299447946017,-0.00406826929517066,1.0224037973260338,1.0053190639212375,1.0080855637473556,1.0065803595711358
2.7,0.39526955916217965,0.184524588301947,1.190977548759107,-0.003918429191651568,1.0221971343116463,1.005153988340109,1.0079364239188466,1.0064180388340842
2.706,0.3880282821594218,0.17823230466248108,1.1892896808559035,-0.0037640856840336864,1.021972646821102,1.0049784754015307,1.0077818134693268,1.0062479654860053
2.712,0.3810819668924393,0.17233319490593502,1.1885205667583807,-0.0036055134201168097,1.0217324079820114,1.0047942191413073,1.0076230408572682,1.0060716636706553
2.718,0.3744383123129548,0.16683260760949326,1.1886219429468166,-0.0034429910210397935,1.0214784567769115,1.0046028686732906,1.0074613733188789,1.005890613045705
2.724,0.3681045065350864,0.16173507808817755,1.1895440346540254,-0.0032768005370717944,1.021212778650754,1.0044060145908396,1.0072980272594254,1.0057062371090548
2.73,0.3620871920289368,0.1570443174776466,1.19123544656873,-0.0031072267262859973,1.020937300056752,1.0042051834067263,1.0071341636714055,1.0055198980131148
2.736,0.35639248519567257,0.15276325119576664,1.1936436142720397,-0.002934556784338833,1.020653879935908,1.0040018308069338,1.006970883166249,1.0053328906450425
2.742,0.35102594971171114,0.14889402001659577,1.1967149909815769,-0.002759079473439565,1.0203643005186278,1.0037973344782465,1.0068092205796657,1.0051464362606748
2.748,0.34599260286175704,0.14543800801607115,1.2003954142713549,-0.0025810846809941196,1.020070260190098,1.003592988640167,1.0066501409794268,1.0049616777063062
2.754,0.3412969100730705,0.14239586094917114,1.2046303241845893,-0.0024008629089498764,1.0197733673114828,1.0033899993383535,1.006494536215396,1.0047796752961606
2.76,0.3369428038292388,0.13976752623038674,1.2093651603982158,-0.0022187049800612103,1.0194751344655955,1.0031894804546502,1.006343222189611,1.004601403439625
2.766,0.3329336554897057,0.13755225042394326,1.2145455571143804,-0.0020349011739616515,1.01917697244026,1.0029924494482918,1.0061969357552074,1.004427746922522
2.772,0.3292722898669741,0.13574861404314206,1.2201176980200705,-0.0018497408756082243,1.0188801867971158,1.0027998252193981,1.006056333371412,1.0042594991725209
2.778,0.3259609899890572,0.13435455745306335,1.2260285336810137,-0.0016635122379953756,1.0185859739873353,1.0026124258836884,1.0059219897314164,1.00409736047052
2.784,0.32300150771524205,0.13336741037447164,1.232226025376425,-0.001476501848597064,1.0182954203191321,1.0024309685166517,1.0057943978130015,1.0039419378727175
2.79,0.3203950454614022,0.1327838945865858,1.2386594445119423,-0.0012889938971534626,1.0180094981245746,1.0022560672179586,1.0056739677079147,1.0037937436684898
2.796,0.3181422686494409,0.13260015302998415,1.2452795742077758,-0.0011012699094042541,1.0177290659716125,1.0020882340436994,1.0055610276210716,1.0036531963915514
2.802,0.316243327029862,0.13281178676572308,1.2520388462319674,-0.000913608715719746,1.0174548695490089,1.0019278806266898,1.0054558254579666,1.0035206224865356
2.808,0.31469784819053265,0.13341386439570138,1.2588916175650229,-0.0007262858106741538,1.0171875403948736,1.0017753184529727,1.0053585293950338,1.003396256779103
2.814,0.3135049321139941,0.1344009310145648,1.2657943287899165,-0.000539572667800285,1.0169275988760675,1.00163076183512,1.0052692303053676,1.0032802452302543
2.82,0.3126631693911897,0.13576703865112347,1.2727057356643472,-0.00035373668533176893,1.0166754529676443,1.0014943287748628,1.0051879429901398,1.003172646066202
2.826,0.3121706695865115,0.13750578485147547,1.279586803236642,-0.0001690413422587601,1.016431406801225,1.0013660478377835,1.0051146115186738,1.0030734359829232
2.832,0.3120250393079396,0.13961030244724434,1.2864011504959993,1.4254871368437045e-05,1.01619565657487,1.0012458572199774,1.0050491090831366,1.0029825096661928
2.838,0.3122233930440149,0.14207327941359335,1.2931149774753836,0.00019589884438043673,1.0159682998671424,1.001133612166252,1.0049912436630473,1.0028996864255753
2.844,0.3127623769632442,0.1448869897080082,1.2996972584952717,0.0003756426361064648,1.0157493352218372,1.0010290868320317,1.0049407601049496,1.0028247122731493
2.85,0.3136381935692327,0.14804332441326795,1.3061195386295916,0.0005532433614436585,1.0155386732755542,1.0009319830626437,1.0048973468333813,1.0027572677802372
2.856,0.31484657895197665,0.15153377626697698,1.3123563565152099,0.0007284644897989272,1.0153361344207728,1.0008419308603467,1.0048606367434152,1.0026969688312304
2.862,0.3163828179153528,0.15534946018313794,1.3183850874427534,0.0009010760946588127,1.0151414591782455,1.0007584967725511,1.0048302136314482,1.0026433741422713
2.868,0.3182417792412198,0.1594811512951782,1.32418594561583,0.0010708541911164488,1.0149543121188591,1.0006811886421616,1.0048056163333454,1.0025959898319252
2.874,0.32041792788178375,0.1639193012159266,1.3297418448626734,0.0012375809979039045,1.0147742914752456,1.0006094635570388,1.0047863448513286,1.0025542765671176
2.88,0.32290531828664815,0.16865403518859104,1.3350386884510719,0.00140104582355694,1.0146009289345386,1.0005427298523961,1.0047718624083446,1.0025176516842915
2.886,0.32569759788859837,0.17367515945125786,1.3400651118861724,0.0015610457964995764,1.0144337027330517,1.0004803570960459,1.004761602886084,1.0024854980028215
2.892,0.3287880458215374,0.17897220035911188,1.3448126424808415,0.0017173849220338678,1.0142720365497233,1.0004216778840638,1.0047549730086918,1.0024571659428925
2.898,0.3321695818167223,0.18453441622209973,1.3492753399178878,0.0018698746182908017,1.014115314274326,1.0003659987942908,1.0047513604325429,1.0024319831497663
2.904,0.33583478806254163,0.19035082091915437,1.3534496852725406,0.0020183336005250734,1.013962886873293,1.0003126067008004,1.0047501388072284,1.0024092602920525
2.91,0.3397758962895512,0.19641017409021722,1.3573350175222436,0.0021625889727283263,1.0138140677941945,1.0002607680362932,1.004750667930709,1.0023882908530322
2.916,0.34398482846603273,0.20270102138066973,1.3609326233105041,0.0023024756207248327,1.0136681589672027,1.0002097464509008,1.0047523064194261,1.0023683664127088
2.922,0.3484531975183117,0.2092117003892253,1.364246427379528,0.0024378367050065576,1.0135244370229013,1.0001587966032046,1.0047544082708402,1.0023487719138366
2.928,0.3531723314692929,0.21593036393625487,1.3672823226718462,0.00256852357184588,1.0133821734785597,1.0001071781031514,1.0047563329034572,1.0023287977501192
2.934,0.35813328961797364,0.22284499857428963,1.37004806420232,0.0026943958369150455,1.0132406401527827,1.0000541605798354,1.0047574492315525,1.0023077444268464
2.94,0.3633268669777133,0.229943435737502,1.3725535529632722,0.0028153219551702723,1.0130991059827683,0.999999023523771,1.0047571361907688,1.0022849228250845
2.946,0.3687436275182579,0.2372133777193425,1.3748100402977814,0.00293117856856757,1.0129568576822139,0.9999410702245145,1.0047547926817442,1.00225966622647
2.952,0.3743739033914824,0.24464241253884533,1.3768306135340926,0.0030418514039745517,1.0128131908855627,0.9998796240489415,1.0047498356667497,1.0022313275736958
2.958,0.3802078220584312,0.2522180346360208,1.3786296450706599,0.0031472348045610463,1.0126674247525411,0.9998140385350961,1.0047417074455465,1.0021992882253095
2.964,0.38623532284609396,0.25992766416170787,1.3802226399511106,0.0032472317738129757,1.012518907047699,0.9997437017113298,1.0047298790384225,1.002162961870694
2.97,0.3924461653194877,0.2677586696303521,1.3816263339527488,0.003341754542794251,1.0123670130422857,0.9996680366295587,1.004713851019909,1.0021217952740902
2.976,0.3988299573858508,0.2756983806629297,1.3828581918752956,0.0034307237709042208,1.0122111578769257,0.9995865097341738,1.0046931594753667,1.0020752754849158
2.982,0.4053761620355209,0.2837341194335343,1.38393651859486,0.003514069419687871,1.0120507946268216,0.9994986306496754,1.0046673762825462,1.0020229299260812
2.988,0.4120741193841678,0.2918532138330843,1.3848801579766488,0.0035917302575053794,1.0118854212210975,0.9994039570510261,1.0046361126460726,1.0019643306323707
2.994,0.4189130638744658,0.3000430160079077,1.3857083254231337,0.0036636537618586914,1.0117145840316062,0.9993020974413659,1.0045990212178877,1.0018990967332144
3.0,0.42588213776859923,0.3082909344788341,1.3864405088308198,0.0037297966077794492,1.0115378800577912,0.9991927129544466,1.0045557975697201,1.0018268961246888
3.0,0.42588213776859923,0.3082909344788341,1.3864405088308198,0.0037297966077794492,1.0115378800577912,0.9991927129544466,1.0045557975697201,1.0018268961246888
